Question,User Answer,User Explanation,,,,,,,,,,,,
initial zones,10,,,,,,,,,,,,,
initial designs,5,,,,,,,,,,,,,
Zone count user:,11,,,,,,,,,,,,,
Zoned design count user:,3,,,,,,,,,,,,,
Zone 1 cuboids:,4,9,10,,,,,,,,,,,
Zone 2 cuboids:,5,6,7,8,9,10,15,16,17,,,,,
Zone 3 cuboids:,1,2,5,6,7,8,9,10,11,12,13,14,,
Zone 4 cuboids:,5,6,7,8,,,,,,,,,,
Zone 5 cuboids:,3,11,12,,,,,,,,,,,
Zone 6 cuboids:,1,2,11,12,13,14,,,,,,,,
Zone 7 cuboids:,4,,,,,,,,,,,,,
Zone 8 cuboids:,15,16,17,,,,,,,,,,,
Zone 9 cuboids:,1,2,13,14,,,,,,,,,,
Zone 10 cuboids:,3,,,,,,,,,,,,,
Zone 12 cuboids:,3,11,12,,,,,,,,,,,12=5
Zone 13 cuboids:,4,9,10,,,,,,,,,,,13=1
Zone 16 cuboids:,5,6,7,8,9,10,15,16,17,,,,,16=2
Zone 17 cuboids:,5,6,7,8,,,,,,,,,,17=4
Zone 21 cuboids:,1,2,5,6,7,8,13,14,,,,,,
Zone 22 cuboids:,1,2,5,6,7,8,9,10,11,12,13,14,,22=3
Zone 23 cuboids:,9,10,11,12,,,,,,,,,,
Zone 24 cuboids:,15,16,17,,,,,,,,,,,24=8
Zone 25 cuboids:,4,,,,,,,,,,,,,25=7
Zone 26 cuboids:,3,,,,,,,,,,,,,26=10
Zone 27 cuboids:,1,2,11,12,13,14,,,,,,,,27=6
Design 0 zones:,8,3,7,10, ,,,,,,,,,
Design 0 zones:,1,8,5,4,9, ,,,,,,,,
Design 0 zones:,1,6,8,4,10, ,,,,,,,,
Design 0 zones:,2,5,7,9, ,,,,,,,,,
Design 0 zones:,2,6,7,10, ,,,,,,,,,
Design 30 zones:,12,13,17,24, ,5,1,4,8,,,,,
Design 32 zones:,16,25,27,26, ,2,7,6,10,Design 5,2,,,
Design 33 zones:,22,25,26,24, ,3,7,10,8,Design 1,3,,,
Step 2: Pick one zoned design you would like to continue with and explain why.,,3,,,,,,,,,,,,
Total compliance in the unzoned design:,758554.7038,,,,,,,,,,,,,
Structural volume in the unzoned design:,37.8,,,,,,,,,,,,,
Total compliance in zoned design 1:,758554.7038,,,,,,,,,,,,,
Structural volume in zoned design 1:,37.8,,,,,,,,,,,,,
Modification count:,9,,,,,,,,,,,,,
Added count:,0,,,,,,,,,,,,,
Deleted count:,9,,,,,,,,,,,,,
Moved count:,0,,,,,,,,,,,,,
Resized count:,0,,,,,,,,,,,,,
Space ID: 1,Size: ,6000,12000,3000,Location: ,0,0,0,,,,,,
initial zones,1,,,,,,,,,,,,,
initial designs,1,,,,,,,,,,,,,
Zone count user:,1,,,,,,,,,,,,,
Zoned design count user:,1,,,,,,,,,,,,,
Zone 1 cuboids:,1,,,,,,,,,,,,,
Zone 2 cuboids:,1,,,,,,,,,,,,,
Design 0 zones:,1, ,,,,,,,,,,,,
Design 2 zones:,2, ,,,,,,,,,,,,
1. How much did you enjoy performing this assignment?,4,,,,,,,,,,,,,
Step 3: This time pick the one of which you think its structural design has the highest stiffness. Explain your reasoning.,,2,,,,,,,,,,,,
Step 6: Pick one zoned design you would like to continue with and explain why.,,1,,,,,,,,,,,,
Step 7: This time pick the one of which you think its structural design has the highest stiffness. Explain your reasoning.,,,,,,,,,,,,,,
1..,,Pretty fun,,,,,,,,,,,,
2. How would you rate the level of ease in performing this assignment?,4,,,,,,,,,,,,,
2..,,I think I found the optimal designs,,,,,,,,,,,,
3. How well do you think you performed the assignment?,4,,,,,,,,,,,,,
3..,,See previous response,,,,,,,,,,,,
4. Do you think it would have gone better with an AI tool that identifies all zoned designs for you?,Yes,,,,,,,,,,,,,
4..,,It would have been faster,,,,,,,,,,,,
5. Do you think the AI tool itself can perform zoning better than you?,Yes,,,,,,,,,,,,,
5..,,It can consider all possible variants and I may have missed a few,,,,,,,,,,,,
6. What criteria did you keep in mind while performing this assignment?,,Practicality, simplicity,,,,,,,,,,,
e-mail adress:,,,,,,,,,,,,,,
